<?xml version="1.0" encoding="UTF-8"?>
<project-private xmlns="http://www.netbeans.org/ns/project-private/1">
    <editor-bookmarks xmlns="http://www.netbeans.org/ns/editor-bookmarks/2" lastBookmarkId="0"/>
    <open-files xmlns="http://www.netbeans.org/ns/projectui-open-files/2">
        <group>
            <file>file:/C:/Users/mohit/OneDrive/Documents/NetBeansProjects/LessonBookings/src/lessonbookings/PreRegisteredCustomers.java</file>
            <file>file:/C:/Users/mohit/OneDrive/Documents/NetBeansProjects/LessonBookings/src/lessonbookings/ProgramMainClass.java</file>
            <file>file:/C:/Users/mohit/OneDrive/Documents/NetBeansProjects/LessonBookings/src/lessonbookings/AllReviews.java</file>
            <file>file:/C:/Users/mohit/OneDrive/Documents/NetBeansProjects/LessonBookings/test/TestCases.java</file>
            <file>file:/C:/Users/mohit/OneDrive/Documents/NetBeansProjects/LessonBookings/src/lessonbookings/ActivityLessons.java</file>
            <file>file:/C:/Users/mohit/OneDrive/Documents/NetBeansProjects/LessonBookings/src/lessonbookings/Bookings.java</file>
        </group>
    </open-files>
</project-private>
